[
  {
    "id": "/subscriptions/9d80e83e-a458-4179-917b-bcec0f07fc78/resourceGroups/az-203/providers/Microsoft.Resources/deployments/CreateVm-MicrosoftWindowsServer.WindowsServer-201-20190506112105/operations/A65AD1276EFA0D11",
    "operationId": "A65AD1276EFA0D11",
    "properties": {
      "provisioningOperation": "Create",
      "provisioningState": "Succeeded",
      "timestamp": "2019-05-06T15:34:23.549854Z",
      "duration": "PT5.0964342S",
      "trackingId": "fc4e1b48-0263-42a0-b275-94193090d271",
      "serviceRequestId": "6169a513-86df-445e-8330-b9415c68b797",
      "statusCode": "Created",
      "targetResource": {
        "id": "/subscriptions/9d80e83e-a458-4179-917b-bcec0f07fc78/resourceGroups/az-203/providers/Microsoft.DevTestLab/schedules/shutdown-computevm-first",
        "resourceType": "Microsoft.DevTestLab/schedules",
        "resourceName": "shutdown-computevm-first"
      },
      "request": {
        "content": {
          "location": "centralus",
          "properties": {
            "status": "Enabled",
            "taskType": "ComputeVmShutdownTask",
            "dailyRecurrence": {
              "time": "17:30"
            },
            "timeZoneId": "UTC",
            "targetResourceId": "/subscriptions/9d80e83e-a458-4179-917b-bcec0f07fc78/resourceGroups/az-203/providers/Microsoft.Compute/virtualMachines/first",
            "notificationSettings": {
              "status": "Disabled",
              "notificationLocale": "en",
              "timeInMinutes": "30"
            }
          }
        }
      },
      "response": {
        "content": {
          "properties": {
            "status": "Enabled",
            "taskType": "ComputeVmShutdownTask",
            "dailyRecurrence": {
              "time": "1730"
            },
            "timeZoneId": "UTC",
            "notificationSettings": {
              "status": "Disabled",
              "timeInMinutes": 30,
              "notificationLocale": "en"
            },
            "createdDate": "2019-05-06T15:34:21.1719581+00:00",
            "targetResourceId": "/subscriptions/9d80e83e-a458-4179-917b-bcec0f07fc78/resourceGroups/az-203/providers/Microsoft.Compute/virtualMachines/first",
            "provisioningState": "Succeeded",
            "uniqueIdentifier": "22e90662-2dd5-462d-a38b-124e7e4f89e7"
          },
          "id": "/subscriptions/9d80e83e-a458-4179-917b-bcec0f07fc78/resourcegroups/az-203/providers/microsoft.devtestlab/schedules/shutdown-computevm-first",
          "name": "shutdown-computevm-first",
          "type": "microsoft.devtestlab/schedules",
          "location": "centralus"
        }
      }
    }
  },
  {
    "id": "/subscriptions/9d80e83e-a458-4179-917b-bcec0f07fc78/resourceGroups/az-203/providers/Microsoft.Resources/deployments/CreateVm-MicrosoftWindowsServer.WindowsServer-201-20190506112105/operations/2A76E92DD7DEA85B",
    "operationId": "2A76E92DD7DEA85B",
    "properties": {
      "provisioningOperation": "Create",
      "provisioningState": "Succeeded",
      "timestamp": "2019-05-06T15:34:18.4254408Z",
      "duration": "PT5M39.837819S",
      "trackingId": "7bc6c71d-a1ba-422e-886c-33962a19f090",
      "serviceRequestId": "24d80fa2-4c5c-4069-a94e-d31941414826",
      "statusCode": "OK",
      "targetResource": {
        "id": "/subscriptions/9d80e83e-a458-4179-917b-bcec0f07fc78/resourceGroups/az-203/providers/Microsoft.Compute/virtualMachines/first",
        "resourceType": "Microsoft.Compute/virtualMachines",
        "resourceName": "first"
      },
      "request": {
        "content": {
          "location": "centralus",
          "properties": {
            "hardwareProfile": {
              "vmSize": "Standard_B1ls"
            },
            "storageProfile": {
              "osDisk": {
                "createOption": "fromImage",
                "managedDisk": {
                  "storageAccountType": "Premium_LRS"
                }
              },
              "imageReference": {
                "publisher": "MicrosoftWindowsServer",
                "offer": "WindowsServer",
                "sku": "2019-Datacenter",
                "version": "latest"
              }
            },
            "networkProfile": {
              "networkInterfaces": [
                {
                  "id": "/subscriptions/9d80e83e-a458-4179-917b-bcec0f07fc78/resourceGroups/az-203/providers/Microsoft.Network/networkInterfaces/first681"
                }
              ]
            },
            "osProfile": {
              "computerName": "first",
              "adminUsername": "cesarcatano",
              "adminPassword": "Welcome12345",
              "windowsConfiguration": {
                "enableAutomaticUpdates": true,
                "provisionVmAgent": true
              }
            },
            "diagnosticsProfile": {
              "bootDiagnostics": {
                "enabled": true,
                "storageUri": "https://az203diag919.blob.core.windows.net/"
              }
            }
          }
        }
      },
      "response": {
        "content": {
          "properties": {
            "vmId": "7847d182-83f4-452f-b2a6-f772ff5afbab",
            "hardwareProfile": {
              "vmSize": "Standard_B1ls"
            },
            "storageProfile": {
              "imageReference": {
                "publisher": "MicrosoftWindowsServer",
                "offer": "WindowsServer",
                "sku": "2019-Datacenter",
                "version": "latest"
              },
              "osDisk": {
                "osType": "Windows",
                "name": "first_OsDisk_1_e0a5a540a86c48d98b28d051383327ca",
                "createOption": "FromImage",
                "caching": "ReadWrite",
                "managedDisk": {
                  "storageAccountType": "Premium_LRS",
                  "id": "/subscriptions/9d80e83e-a458-4179-917b-bcec0f07fc78/resourceGroups/az-203/providers/Microsoft.Compute/disks/first_OsDisk_1_e0a5a540a86c48d98b28d051383327ca"
                },
                "diskSizeGB": 127
              },
              "dataDisks": []
            },
            "osProfile": {
              "computerName": "first",
              "adminUsername": "cesarcatano",
              "windowsConfiguration": {
                "provisionVMAgent": true,
                "enableAutomaticUpdates": true
              },
              "secrets": [],
              "allowExtensionOperations": true
            },
            "networkProfile": {
              "networkInterfaces": [
                {
                  "id": "/subscriptions/9d80e83e-a458-4179-917b-bcec0f07fc78/resourceGroups/az-203/providers/Microsoft.Network/networkInterfaces/first681"
                }
              ]
            },
            "diagnosticsProfile": {
              "bootDiagnostics": {
                "enabled": true,
                "storageUri": "https://az203diag919.blob.core.windows.net/"
              }
            },
            "provisioningState": "Succeeded"
          },
          "type": "Microsoft.Compute/virtualMachines",
          "location": "centralus",
          "id": "/subscriptions/9d80e83e-a458-4179-917b-bcec0f07fc78/resourceGroups/az-203/providers/Microsoft.Compute/virtualMachines/first",
          "name": "first"
        }
      }
    }
  },
  {
    "id": "/subscriptions/9d80e83e-a458-4179-917b-bcec0f07fc78/resourceGroups/az-203/providers/Microsoft.Resources/deployments/CreateVm-MicrosoftWindowsServer.WindowsServer-201-20190506112105/operations/81C14F1DD1388CE9",
    "operationId": "81C14F1DD1388CE9",
    "properties": {
      "provisioningOperation": "Create",
      "provisioningState": "Succeeded",
      "timestamp": "2019-05-06T15:28:38.424989Z",
      "duration": "PT27.2740556S",
      "trackingId": "9896109a-6d61-4b61-aa40-2b822dbbbf8f",
      "serviceRequestId": "02e7cc91-dc54-4ce7-8598-04998ffc42ee",
      "statusCode": "OK",
      "targetResource": {
        "id": "/subscriptions/9d80e83e-a458-4179-917b-bcec0f07fc78/resourceGroups/az-203/providers/Microsoft.Storage/storageAccounts/az203diag919",
        "resourceType": "Microsoft.Storage/storageAccounts",
        "resourceName": "az203diag919"
      },
      "request": {
        "content": {
          "sku": {
            "name": "Standard_LRS"
          },
          "kind": "Storage",
          "location": "centralus",
          "properties": {}
        }
      },
      "response": {
        "content": {
          "sku": {
            "name": "Standard_LRS",
            "tier": "Standard"
          },
          "kind": "Storage",
          "id": "/subscriptions/9d80e83e-a458-4179-917b-bcec0f07fc78/resourceGroups/az-203/providers/Microsoft.Storage/storageAccounts/az203diag919",
          "name": "az203diag919",
          "type": "Microsoft.Storage/storageAccounts",
          "location": "centralus",
          "tags": {},
          "properties": {
            "networkAcls": {
              "bypass": "AzureServices",
              "virtualNetworkRules": [],
              "ipRules": [],
              "defaultAction": "Allow"
            },
            "supportsHttpsTrafficOnly": false,
            "encryption": {
              "services": {
                "file": {
                  "enabled": true,
                  "lastEnabledTime": "2019-05-06T15:28:13.3779480Z"
                },
                "blob": {
                  "enabled": true,
                  "lastEnabledTime": "2019-05-06T15:28:13.3779480Z"
                }
              },
              "keySource": "Microsoft.Storage"
            },
            "provisioningState": "Succeeded",
            "creationTime": "2019-05-06T15:28:13.2216528Z",
            "primaryEndpoints": {
              "blob": "https://az203diag919.blob.core.windows.net/",
              "queue": "https://az203diag919.queue.core.windows.net/",
              "table": "https://az203diag919.table.core.windows.net/",
              "file": "https://az203diag919.file.core.windows.net/"
            },
            "primaryLocation": "centralus",
            "statusOfPrimary": "available"
          }
        }
      }
    }
  },
  {
    "id": "/subscriptions/9d80e83e-a458-4179-917b-bcec0f07fc78/resourceGroups/az-203/providers/Microsoft.Resources/deployments/CreateVm-MicrosoftWindowsServer.WindowsServer-201-20190506112105/operations/7A9278BF18733958",
    "operationId": "7A9278BF18733958",
    "properties": {
      "provisioningOperation": "Create",
      "provisioningState": "Succeeded",
      "timestamp": "2019-05-06T15:28:13.659212Z",
      "duration": "PT1.6833895S",
      "trackingId": "a33ebf24-e206-4b11-af27-3d6b04fe17d8",
      "serviceRequestId": "1b27768d-a108-4f0a-aa15-8e34151e3b07",
      "statusCode": "Created",
      "targetResource": {
        "id": "/subscriptions/9d80e83e-a458-4179-917b-bcec0f07fc78/resourceGroups/az-203/providers/Microsoft.Network/networkInterfaces/first681",
        "resourceType": "Microsoft.Network/networkInterfaces",
        "resourceName": "first681"
      },
      "request": {
        "content": {
          "location": "centralus",
          "properties": {
            "ipConfigurations": [
              {
                "name": "ipconfig1",
                "properties": {
                  "subnet": {
                    "id": "/subscriptions/9d80e83e-a458-4179-917b-bcec0f07fc78/resourceGroups/az-203/providers/Microsoft.Network/virtualNetworks/az-203-vnet/subnets/default"
                  },
                  "privateIPAllocationMethod": "Dynamic",
                  "publicIpAddress": {
                    "id": "/subscriptions/9d80e83e-a458-4179-917b-bcec0f07fc78/resourceGroups/az-203/providers/Microsoft.Network/publicIpAddresses/first-ip"
                  }
                }
              }
            ],
            "networkSecurityGroup": {
              "id": "/subscriptions/9d80e83e-a458-4179-917b-bcec0f07fc78/resourceGroups/az-203/providers/Microsoft.Network/networkSecurityGroups/first-nsg"
            }
          }
        }
      },
      "response": {
        "content": {
          "name": "first681",
          "id": "/subscriptions/9d80e83e-a458-4179-917b-bcec0f07fc78/resourceGroups/az-203/providers/Microsoft.Network/networkInterfaces/first681",
          "etag": "W/\"b35e224f-819d-48d9-b704-ec63a3dea2d0\"",
          "location": "centralus",
          "properties": {
            "provisioningState": "Succeeded",
            "resourceGuid": "9289691d-c49f-4715-89ff-de772ad820a1",
            "ipConfigurations": [
              {
                "name": "ipconfig1",
                "id": "/subscriptions/9d80e83e-a458-4179-917b-bcec0f07fc78/resourceGroups/az-203/providers/Microsoft.Network/networkInterfaces/first681/ipConfigurations/ipconfig1",
                "etag": "W/\"b35e224f-819d-48d9-b704-ec63a3dea2d0\"",
                "type": "Microsoft.Network/networkInterfaces/ipConfigurations",
                "properties": {
                  "provisioningState": "Succeeded",
                  "privateIPAddress": "10.0.0.4",
                  "privateIPAllocationMethod": "Dynamic",
                  "publicIPAddress": {
                    "id": "/subscriptions/9d80e83e-a458-4179-917b-bcec0f07fc78/resourceGroups/az-203/providers/Microsoft.Network/publicIPAddresses/first-ip"
                  },
                  "subnet": {
                    "id": "/subscriptions/9d80e83e-a458-4179-917b-bcec0f07fc78/resourceGroups/az-203/providers/Microsoft.Network/virtualNetworks/az-203-vnet/subnets/default"
                  },
                  "primary": true,
                  "privateIPAddressVersion": "IPv4"
                }
              }
            ],
            "dnsSettings": {
              "dnsServers": [],
              "appliedDnsServers": [],
              "internalDomainNameSuffix": "rda5gzkqjbtehckbudgmwtqrrc.gx.internal.cloudapp.net"
            },
            "enableAcceleratedNetworking": false,
            "enableIPForwarding": false,
            "networkSecurityGroup": {
              "id": "/subscriptions/9d80e83e-a458-4179-917b-bcec0f07fc78/resourceGroups/az-203/providers/Microsoft.Network/networkSecurityGroups/first-nsg"
            },
            "hostedWorkloads": [],
            "tapConfigurations": []
          },
          "type": "Microsoft.Network/networkInterfaces"
        }
      }
    }
  },
  {
    "id": "/subscriptions/9d80e83e-a458-4179-917b-bcec0f07fc78/resourceGroups/az-203/providers/Microsoft.Resources/deployments/CreateVm-MicrosoftWindowsServer.WindowsServer-201-20190506112105/operations/47C460716EE8C2D7",
    "operationId": "47C460716EE8C2D7",
    "properties": {
      "provisioningOperation": "Create",
      "provisioningState": "Succeeded",
      "timestamp": "2019-05-06T15:28:11.8651089Z",
      "duration": "PT7.0312371S",
      "trackingId": "29c07e14-9f1c-406c-85eb-24ff023a87cf",
      "serviceRequestId": "75d4c038-02d6-4a4d-9e8c-495fe993bc86",
      "statusCode": "OK",
      "targetResource": {
        "id": "/subscriptions/9d80e83e-a458-4179-917b-bcec0f07fc78/resourceGroups/az-203/providers/Microsoft.Network/virtualNetworks/az-203-vnet",
        "resourceType": "Microsoft.Network/virtualNetworks",
        "resourceName": "az-203-vnet"
      },
      "request": {
        "content": {
          "location": "centralus",
          "properties": {
            "addressSpace": {
              "addressPrefixes": [
                "10.0.0.0/24"
              ]
            },
            "subnets": [
              {
                "name": "default",
                "properties": {
                  "addressPrefix": "10.0.0.0/24"
                }
              }
            ]
          }
        }
      },
      "response": {
        "content": {
          "name": "az-203-vnet",
          "id": "/subscriptions/9d80e83e-a458-4179-917b-bcec0f07fc78/resourceGroups/az-203/providers/Microsoft.Network/virtualNetworks/az-203-vnet",
          "etag": "W/\"6d41165b-88bb-4e30-994a-0706192e817c\"",
          "type": "Microsoft.Network/virtualNetworks",
          "location": "centralus",
          "properties": {
            "provisioningState": "Succeeded",
            "resourceGuid": "65f3c188-4850-4366-8941-a0cccb4e118a",
            "addressSpace": {
              "addressPrefixes": [
                "10.0.0.0/24"
              ]
            },
            "subnets": [
              {
                "name": "default",
                "id": "/subscriptions/9d80e83e-a458-4179-917b-bcec0f07fc78/resourceGroups/az-203/providers/Microsoft.Network/virtualNetworks/az-203-vnet/subnets/default",
                "etag": "W/\"6d41165b-88bb-4e30-994a-0706192e817c\"",
                "properties": {
                  "provisioningState": "Succeeded",
                  "addressPrefix": "10.0.0.0/24",
                  "delegations": []
                },
                "type": "Microsoft.Network/virtualNetworks/subnets"
              }
            ],
            "virtualNetworkPeerings": [],
            "enableDdosProtection": false,
            "enableVmProtection": false
          }
        }
      }
    }
  },
  {
    "id": "/subscriptions/9d80e83e-a458-4179-917b-bcec0f07fc78/resourceGroups/az-203/providers/Microsoft.Resources/deployments/CreateVm-MicrosoftWindowsServer.WindowsServer-201-20190506112105/operations/34A55725627AF198",
    "operationId": "34A55725627AF198",
    "properties": {
      "provisioningOperation": "Create",
      "provisioningState": "Succeeded",
      "timestamp": "2019-05-06T15:28:11.7503337Z",
      "duration": "PT6.9164619S",
      "trackingId": "fcec3f2c-6563-4e30-bbf1-07911525ad61",
      "serviceRequestId": "9122261f-97cc-41b1-bab6-17b03d7dcef1",
      "statusCode": "OK",
      "targetResource": {
        "id": "/subscriptions/9d80e83e-a458-4179-917b-bcec0f07fc78/resourceGroups/az-203/providers/Microsoft.Network/networkSecurityGroups/first-nsg",
        "resourceType": "Microsoft.Network/networkSecurityGroups",
        "resourceName": "first-nsg"
      },
      "request": {
        "content": {
          "location": "centralus",
          "properties": {
            "securityRules": [
              {
                "name": "HTTP",
                "properties": {
                  "priority": 300,
                  "protocol": "TCP",
                  "access": "Allow",
                  "direction": "Inbound",
                  "sourceAddressPrefix": "*",
                  "sourcePortRange": "*",
                  "destinationAddressPrefix": "*",
                  "destinationPortRange": "80"
                }
              },
              {
                "name": "HTTPS",
                "properties": {
                  "priority": 320,
                  "protocol": "TCP",
                  "access": "Allow",
                  "direction": "Inbound",
                  "sourceAddressPrefix": "*",
                  "sourcePortRange": "*",
                  "destinationAddressPrefix": "*",
                  "destinationPortRange": "443"
                }
              },
              {
                "name": "RDP",
                "properties": {
                  "priority": 340,
                  "protocol": "TCP",
                  "access": "Allow",
                  "direction": "Inbound",
                  "sourceAddressPrefix": "*",
                  "sourcePortRange": "*",
                  "destinationAddressPrefix": "*",
                  "destinationPortRange": "3389"
                }
              }
            ]
          }
        }
      },
      "response": {
        "content": {
          "name": "first-nsg",
          "id": "/subscriptions/9d80e83e-a458-4179-917b-bcec0f07fc78/resourceGroups/az-203/providers/Microsoft.Network/networkSecurityGroups/first-nsg",
          "etag": "W/\"d27d8dff-db89-46ea-abdc-66f3a5aaace8\"",
          "type": "Microsoft.Network/networkSecurityGroups",
          "location": "centralus",
          "properties": {
            "provisioningState": "Succeeded",
            "resourceGuid": "44b956a3-b4d7-4b0e-9ade-5d908ac5a4d8",
            "securityRules": [
              {
                "name": "HTTP",
                "id": "/subscriptions/9d80e83e-a458-4179-917b-bcec0f07fc78/resourceGroups/az-203/providers/Microsoft.Network/networkSecurityGroups/first-nsg/securityRules/HTTP",
                "etag": "W/\"d27d8dff-db89-46ea-abdc-66f3a5aaace8\"",
                "type": "Microsoft.Network/networkSecurityGroups/securityRules",
                "properties": {
                  "provisioningState": "Succeeded",
                  "protocol": "TCP",
                  "sourcePortRange": "*",
                  "destinationPortRange": "80",
                  "sourceAddressPrefix": "*",
                  "destinationAddressPrefix": "*",
                  "access": "Allow",
                  "priority": 300,
                  "direction": "Inbound",
                  "sourcePortRanges": [],
                  "destinationPortRanges": [],
                  "sourceAddressPrefixes": [],
                  "destinationAddressPrefixes": []
                }
              },
              {
                "name": "HTTPS",
                "id": "/subscriptions/9d80e83e-a458-4179-917b-bcec0f07fc78/resourceGroups/az-203/providers/Microsoft.Network/networkSecurityGroups/first-nsg/securityRules/HTTPS",
                "etag": "W/\"d27d8dff-db89-46ea-abdc-66f3a5aaace8\"",
                "type": "Microsoft.Network/networkSecurityGroups/securityRules",
                "properties": {
                  "provisioningState": "Succeeded",
                  "protocol": "TCP",
                  "sourcePortRange": "*",
                  "destinationPortRange": "443",
                  "sourceAddressPrefix": "*",
                  "destinationAddressPrefix": "*",
                  "access": "Allow",
                  "priority": 320,
                  "direction": "Inbound",
                  "sourcePortRanges": [],
                  "destinationPortRanges": [],
                  "sourceAddressPrefixes": [],
                  "destinationAddressPrefixes": []
                }
              },
              {
                "name": "RDP",
                "id": "/subscriptions/9d80e83e-a458-4179-917b-bcec0f07fc78/resourceGroups/az-203/providers/Microsoft.Network/networkSecurityGroups/first-nsg/securityRules/RDP",
                "etag": "W/\"d27d8dff-db89-46ea-abdc-66f3a5aaace8\"",
                "type": "Microsoft.Network/networkSecurityGroups/securityRules",
                "properties": {
                  "provisioningState": "Succeeded",
                  "protocol": "TCP",
                  "sourcePortRange": "*",
                  "destinationPortRange": "3389",
                  "sourceAddressPrefix": "*",
                  "destinationAddressPrefix": "*",
                  "access": "Allow",
                  "priority": 340,
                  "direction": "Inbound",
                  "sourcePortRanges": [],
                  "destinationPortRanges": [],
                  "sourceAddressPrefixes": [],
                  "destinationAddressPrefixes": []
                }
              }
            ],
            "defaultSecurityRules": [
              {
                "name": "AllowVnetInBound",
                "id": "/subscriptions/9d80e83e-a458-4179-917b-bcec0f07fc78/resourceGroups/az-203/providers/Microsoft.Network/networkSecurityGroups/first-nsg/defaultSecurityRules/AllowVnetInBound",
                "etag": "W/\"d27d8dff-db89-46ea-abdc-66f3a5aaace8\"",
                "type": "Microsoft.Network/networkSecurityGroups/defaultSecurityRules",
                "properties": {
                  "provisioningState": "Succeeded",
                  "description": "Allow inbound traffic from all VMs in VNET",
                  "protocol": "*",
                  "sourcePortRange": "*",
                  "destinationPortRange": "*",
                  "sourceAddressPrefix": "VirtualNetwork",
                  "destinationAddressPrefix": "VirtualNetwork",
                  "access": "Allow",
                  "priority": 65000,
                  "direction": "Inbound",
                  "sourcePortRanges": [],
                  "destinationPortRanges": [],
                  "sourceAddressPrefixes": [],
                  "destinationAddressPrefixes": []
                }
              },
              {
                "name": "AllowAzureLoadBalancerInBound",
                "id": "/subscriptions/9d80e83e-a458-4179-917b-bcec0f07fc78/resourceGroups/az-203/providers/Microsoft.Network/networkSecurityGroups/first-nsg/defaultSecurityRules/AllowAzureLoadBalancerInBound",
                "etag": "W/\"d27d8dff-db89-46ea-abdc-66f3a5aaace8\"",
                "type": "Microsoft.Network/networkSecurityGroups/defaultSecurityRules",
                "properties": {
                  "provisioningState": "Succeeded",
                  "description": "Allow inbound traffic from azure load balancer",
                  "protocol": "*",
                  "sourcePortRange": "*",
                  "destinationPortRange": "*",
                  "sourceAddressPrefix": "AzureLoadBalancer",
                  "destinationAddressPrefix": "*",
                  "access": "Allow",
                  "priority": 65001,
                  "direction": "Inbound",
                  "sourcePortRanges": [],
                  "destinationPortRanges": [],
                  "sourceAddressPrefixes": [],
                  "destinationAddressPrefixes": []
                }
              },
              {
                "name": "DenyAllInBound",
                "id": "/subscriptions/9d80e83e-a458-4179-917b-bcec0f07fc78/resourceGroups/az-203/providers/Microsoft.Network/networkSecurityGroups/first-nsg/defaultSecurityRules/DenyAllInBound",
                "etag": "W/\"d27d8dff-db89-46ea-abdc-66f3a5aaace8\"",
                "type": "Microsoft.Network/networkSecurityGroups/defaultSecurityRules",
                "properties": {
                  "provisioningState": "Succeeded",
                  "description": "Deny all inbound traffic",
                  "protocol": "*",
                  "sourcePortRange": "*",
                  "destinationPortRange": "*",
                  "sourceAddressPrefix": "*",
                  "destinationAddressPrefix": "*",
                  "access": "Deny",
                  "priority": 65500,
                  "direction": "Inbound",
                  "sourcePortRanges": [],
                  "destinationPortRanges": [],
                  "sourceAddressPrefixes": [],
                  "destinationAddressPrefixes": []
                }
              },
              {
                "name": "AllowVnetOutBound",
                "id": "/subscriptions/9d80e83e-a458-4179-917b-bcec0f07fc78/resourceGroups/az-203/providers/Microsoft.Network/networkSecurityGroups/first-nsg/defaultSecurityRules/AllowVnetOutBound",
                "etag": "W/\"d27d8dff-db89-46ea-abdc-66f3a5aaace8\"",
                "type": "Microsoft.Network/networkSecurityGroups/defaultSecurityRules",
                "properties": {
                  "provisioningState": "Succeeded",
                  "description": "Allow outbound traffic from all VMs to all VMs in VNET",
                  "protocol": "*",
                  "sourcePortRange": "*",
                  "destinationPortRange": "*",
                  "sourceAddressPrefix": "VirtualNetwork",
                  "destinationAddressPrefix": "VirtualNetwork",
                  "access": "Allow",
                  "priority": 65000,
                  "direction": "Outbound",
                  "sourcePortRanges": [],
                  "destinationPortRanges": [],
                  "sourceAddressPrefixes": [],
                  "destinationAddressPrefixes": []
                }
              },
              {
                "name": "AllowInternetOutBound",
                "id": "/subscriptions/9d80e83e-a458-4179-917b-bcec0f07fc78/resourceGroups/az-203/providers/Microsoft.Network/networkSecurityGroups/first-nsg/defaultSecurityRules/AllowInternetOutBound",
                "etag": "W/\"d27d8dff-db89-46ea-abdc-66f3a5aaace8\"",
                "type": "Microsoft.Network/networkSecurityGroups/defaultSecurityRules",
                "properties": {
                  "provisioningState": "Succeeded",
                  "description": "Allow outbound traffic from all VMs to Internet",
                  "protocol": "*",
                  "sourcePortRange": "*",
                  "destinationPortRange": "*",
                  "sourceAddressPrefix": "*",
                  "destinationAddressPrefix": "Internet",
                  "access": "Allow",
                  "priority": 65001,
                  "direction": "Outbound",
                  "sourcePortRanges": [],
                  "destinationPortRanges": [],
                  "sourceAddressPrefixes": [],
                  "destinationAddressPrefixes": []
                }
              },
              {
                "name": "DenyAllOutBound",
                "id": "/subscriptions/9d80e83e-a458-4179-917b-bcec0f07fc78/resourceGroups/az-203/providers/Microsoft.Network/networkSecurityGroups/first-nsg/defaultSecurityRules/DenyAllOutBound",
                "etag": "W/\"d27d8dff-db89-46ea-abdc-66f3a5aaace8\"",
                "type": "Microsoft.Network/networkSecurityGroups/defaultSecurityRules",
                "properties": {
                  "provisioningState": "Succeeded",
                  "description": "Deny all outbound traffic",
                  "protocol": "*",
                  "sourcePortRange": "*",
                  "destinationPortRange": "*",
                  "sourceAddressPrefix": "*",
                  "destinationAddressPrefix": "*",
                  "access": "Deny",
                  "priority": 65500,
                  "direction": "Outbound",
                  "sourcePortRanges": [],
                  "destinationPortRanges": [],
                  "sourceAddressPrefixes": [],
                  "destinationAddressPrefixes": []
                }
              }
            ]
          }
        }
      }
    }
  },
  {
    "id": "/subscriptions/9d80e83e-a458-4179-917b-bcec0f07fc78/resourceGroups/az-203/providers/Microsoft.Resources/deployments/CreateVm-MicrosoftWindowsServer.WindowsServer-201-20190506112105/operations/5363034EE0ECD93C",
    "operationId": "5363034EE0ECD93C",
    "properties": {
      "provisioningOperation": "Create",
      "provisioningState": "Succeeded",
      "timestamp": "2019-05-06T15:28:09.7393417Z",
      "duration": "PT4.9054699S",
      "trackingId": "5d735765-13f0-49bb-be52-cc92cb8193d3",
      "serviceRequestId": "6f2f664c-71f4-490a-a173-32b216b43d12",
      "statusCode": "OK",
      "targetResource": {
        "id": "/subscriptions/9d80e83e-a458-4179-917b-bcec0f07fc78/resourceGroups/az-203/providers/Microsoft.Network/publicIpAddresses/first-ip",
        "resourceType": "Microsoft.Network/publicIpAddresses",
        "resourceName": "first-ip"
      },
      "request": {
        "content": {
          "sku": {
            "name": "Basic"
          },
          "location": "centralus",
          "properties": {
            "publicIpAllocationMethod": "Dynamic"
          }
        }
      },
      "response": {
        "content": {
          "name": "first-ip",
          "id": "/subscriptions/9d80e83e-a458-4179-917b-bcec0f07fc78/resourceGroups/az-203/providers/Microsoft.Network/publicIPAddresses/first-ip",
          "etag": "W/\"499b19ed-f7b6-4bc1-99eb-f1e557982098\"",
          "location": "centralus",
          "properties": {
            "provisioningState": "Succeeded",
            "resourceGuid": "d42beef9-8a01-4a2d-a8cd-ed83279f5d1b",
            "publicIPAddressVersion": "IPv4",
            "publicIPAllocationMethod": "Dynamic",
            "idleTimeoutInMinutes": 4,
            "ipTags": []
          },
          "type": "Microsoft.Network/publicIPAddresses",
          "sku": {
            "name": "Basic",
            "tier": "Regional"
          }
        }
      }
    }
  },
  {
    "id": "/subscriptions/9d80e83e-a458-4179-917b-bcec0f07fc78/resourceGroups/az-203/providers/Microsoft.Resources/deployments/CreateVm-MicrosoftWindowsServer.WindowsServer-201-20190506112105/operations/08586444504626584784",
    "operationId": "08586444504626584784",
    "properties": {
      "provisioningOperation": "EvaluateDeploymentOutput",
      "provisioningState": "Succeeded",
      "timestamp": "2019-05-06T15:34:23.6734347Z",
      "duration": "PT0.1031003S",
      "trackingId": "a8a525e5-7fe6-405e-9861-e6bbe433a424",
      "statusCode": "OK",
      "statusMessage": null
    }
  }
]