{
  "id": "/subscriptions/9d80e83e-a458-4179-917b-bcec0f07fc78/resourceGroups/az-203/providers/Microsoft.Resources/deployments/CreateVm-MicrosoftWindowsServer.WindowsServer-201-20190506112105",
  "name": "CreateVm-MicrosoftWindowsServer.WindowsServer-201-20190506112105",
  "properties": {
    "templateHash": "10464551926019380504",
    "parameters": {
      "location": {
        "type": "String",
        "value": "centralus"
      },
      "networkInterfaceName": {
        "type": "String",
        "value": "first681"
      },
      "networkSecurityGroupName": {
        "type": "String",
        "value": "first-nsg"
      },
      "networkSecurityGroupRules": {
        "type": "Array",
        "value": [
          {
            "name": "HTTP",
            "properties": {
              "priority": 300,
              "protocol": "TCP",
              "access": "Allow",
              "direction": "Inbound",
              "sourceAddressPrefix": "*",
              "sourcePortRange": "*",
              "destinationAddressPrefix": "*",
              "destinationPortRange": "80"
            }
          },
          {
            "name": "HTTPS",
            "properties": {
              "priority": 320,
              "protocol": "TCP",
              "access": "Allow",
              "direction": "Inbound",
              "sourceAddressPrefix": "*",
              "sourcePortRange": "*",
              "destinationAddressPrefix": "*",
              "destinationPortRange": "443"
            }
          },
          {
            "name": "RDP",
            "properties": {
              "priority": 340,
              "protocol": "TCP",
              "access": "Allow",
              "direction": "Inbound",
              "sourceAddressPrefix": "*",
              "sourcePortRange": "*",
              "destinationAddressPrefix": "*",
              "destinationPortRange": "3389"
            }
          }
        ]
      },
      "subnetName": {
        "type": "String",
        "value": "default"
      },
      "virtualNetworkName": {
        "type": "String",
        "value": "az-203-vnet"
      },
      "addressPrefixes": {
        "type": "Array",
        "value": [
          "10.0.0.0/24"
        ]
      },
      "subnets": {
        "type": "Array",
        "value": [
          {
            "name": "default",
            "properties": {
              "addressPrefix": "10.0.0.0/24"
            }
          }
        ]
      },
      "publicIpAddressName": {
        "type": "String",
        "value": "first-ip"
      },
      "publicIpAddressType": {
        "type": "String",
        "value": "Dynamic"
      },
      "publicIpAddressSku": {
        "type": "String",
        "value": "Basic"
      },
      "virtualMachineName": {
        "type": "String",
        "value": "first"
      },
      "virtualMachineRG": {
        "type": "String",
        "value": "az-203"
      },
      "osDiskType": {
        "type": "String",
        "value": "Premium_LRS"
      },
      "virtualMachineSize": {
        "type": "String",
        "value": "Standard_B1ls"
      },
      "adminUsername": {
        "type": "String",
        "value": "cesarcatano"
      },
      "adminPassword": {
        "type": "SecureString"
      },
      "diagnosticsStorageAccountName": {
        "type": "String",
        "value": "az203diag919"
      },
      "diagnosticsStorageAccountId": {
        "type": "String",
        "value": "Microsoft.Storage/storageAccounts/az203diag919"
      },
      "diagnosticsStorageAccountType": {
        "type": "String",
        "value": "Standard_LRS"
      },
      "diagnosticsStorageAccountKind": {
        "type": "String",
        "value": "Storage"
      },
      "autoShutdownStatus": {
        "type": "String",
        "value": "Enabled"
      },
      "autoShutdownTime": {
        "type": "String",
        "value": "17:30"
      },
      "autoShutdownTimeZone": {
        "type": "String",
        "value": "UTC"
      },
      "autoShutdownNotificationStatus": {
        "type": "String",
        "value": "Disabled"
      },
      "autoShutdownNotificationLocale": {
        "type": "String",
        "value": "en"
      }
    },
    "mode": "Incremental",
    "debugSetting": {
      "detailLevel": "RequestContent, ResponseContent"
    },
    "provisioningState": "Succeeded",
    "timestamp": "2019-05-06T15:34:23.6870272Z",
    "duration": "PT7M20.8678184S",
    "correlationId": "4ecca320-2e64-41f0-8613-2aee32c108d7",
    "providers": [
      {
        "namespace": "Microsoft.Network",
        "resourceTypes": [
          {
            "resourceType": "networkInterfaces",
            "locations": [
              "centralus"
            ]
          },
          {
            "resourceType": "networkSecurityGroups",
            "locations": [
              "centralus"
            ]
          },
          {
            "resourceType": "virtualNetworks",
            "locations": [
              "centralus"
            ]
          },
          {
            "resourceType": "publicIpAddresses",
            "locations": [
              "centralus"
            ]
          }
        ]
      },
      {
        "namespace": "Microsoft.Compute",
        "resourceTypes": [
          {
            "resourceType": "virtualMachines",
            "locations": [
              "centralus"
            ]
          }
        ]
      },
      {
        "namespace": "Microsoft.Storage",
        "resourceTypes": [
          {
            "resourceType": "storageAccounts",
            "locations": [
              "centralus"
            ]
          }
        ]
      },
      {
        "namespace": "Microsoft.DevTestLab",
        "resourceTypes": [
          {
            "resourceType": "schedules",
            "locations": [
              "centralus"
            ]
          }
        ]
      }
    ],
    "dependencies": [
      {
        "dependsOn": [
          {
            "id": "/subscriptions/9d80e83e-a458-4179-917b-bcec0f07fc78/resourceGroups/az-203/providers/Microsoft.Network/networkSecurityGroups/first-nsg",
            "resourceType": "Microsoft.Network/networkSecurityGroups",
            "resourceName": "first-nsg"
          },
          {
            "id": "/subscriptions/9d80e83e-a458-4179-917b-bcec0f07fc78/resourceGroups/az-203/providers/Microsoft.Network/virtualNetworks/az-203-vnet",
            "resourceType": "Microsoft.Network/virtualNetworks",
            "resourceName": "az-203-vnet"
          },
          {
            "id": "/subscriptions/9d80e83e-a458-4179-917b-bcec0f07fc78/resourceGroups/az-203/providers/Microsoft.Network/publicIpAddresses/first-ip",
            "resourceType": "Microsoft.Network/publicIpAddresses",
            "resourceName": "first-ip"
          }
        ],
        "id": "/subscriptions/9d80e83e-a458-4179-917b-bcec0f07fc78/resourceGroups/az-203/providers/Microsoft.Network/networkInterfaces/first681",
        "resourceType": "Microsoft.Network/networkInterfaces",
        "resourceName": "first681"
      },
      {
        "dependsOn": [
          {
            "id": "/subscriptions/9d80e83e-a458-4179-917b-bcec0f07fc78/resourceGroups/az-203/providers/Microsoft.Network/networkInterfaces/first681",
            "resourceType": "Microsoft.Network/networkInterfaces",
            "resourceName": "first681"
          },
          {
            "id": "/subscriptions/9d80e83e-a458-4179-917b-bcec0f07fc78/resourceGroups/az-203/providers/Microsoft.Storage/storageAccounts/az203diag919",
            "resourceType": "Microsoft.Storage/storageAccounts",
            "resourceName": "az203diag919"
          }
        ],
        "id": "/subscriptions/9d80e83e-a458-4179-917b-bcec0f07fc78/resourceGroups/az-203/providers/Microsoft.Compute/virtualMachines/first",
        "resourceType": "Microsoft.Compute/virtualMachines",
        "resourceName": "first"
      },
      {
        "dependsOn": [
          {
            "id": "/subscriptions/9d80e83e-a458-4179-917b-bcec0f07fc78/resourceGroups/az-203/providers/Microsoft.Compute/virtualMachines/first",
            "resourceType": "Microsoft.Compute/virtualMachines",
            "resourceName": "first"
          }
        ],
        "id": "/subscriptions/9d80e83e-a458-4179-917b-bcec0f07fc78/resourceGroups/az-203/providers/Microsoft.DevTestLab/schedules/shutdown-computevm-first",
        "resourceType": "Microsoft.DevTestLab/schedules",
        "resourceName": "shutdown-computevm-first"
      }
    ],
    "outputs": {
      "adminUsername": {
        "type": "String",
        "value": "cesarcatano"
      }
    },
    "outputResources": [
      {
        "id": "/subscriptions/9d80e83e-a458-4179-917b-bcec0f07fc78/resourceGroups/az-203/providers/Microsoft.Compute/virtualMachines/first"
      },
      {
        "id": "/subscriptions/9d80e83e-a458-4179-917b-bcec0f07fc78/resourceGroups/az-203/providers/Microsoft.DevTestLab/schedules/shutdown-computevm-first"
      },
      {
        "id": "/subscriptions/9d80e83e-a458-4179-917b-bcec0f07fc78/resourceGroups/az-203/providers/Microsoft.Network/networkInterfaces/first681"
      },
      {
        "id": "/subscriptions/9d80e83e-a458-4179-917b-bcec0f07fc78/resourceGroups/az-203/providers/Microsoft.Network/networkSecurityGroups/first-nsg"
      },
      {
        "id": "/subscriptions/9d80e83e-a458-4179-917b-bcec0f07fc78/resourceGroups/az-203/providers/Microsoft.Network/publicIpAddresses/first-ip"
      },
      {
        "id": "/subscriptions/9d80e83e-a458-4179-917b-bcec0f07fc78/resourceGroups/az-203/providers/Microsoft.Network/virtualNetworks/az-203-vnet"
      },
      {
        "id": "/subscriptions/9d80e83e-a458-4179-917b-bcec0f07fc78/resourceGroups/az-203/providers/Microsoft.Storage/storageAccounts/az203diag919"
      }
    ],
    "validationLevel": "Template"
  }
}